{
    "loss": 1.2596766948699951,
    "accuracy": 0.33414992690086365
}