{
    "loss": 1.8660353422164917,
    "accuracy": 0.8437040448188782
}