{
    "loss": 1.6093546152114868,
    "accuracy": 0.8985791206359863
}