{
    "loss": 0.15126806497573853,
    "accuracy": 0.94953453540802
}