{
    "loss": 1.6392152309417725,
    "accuracy": 0.7863792181015015
}