{
    "loss": 0.3821912407875061,
    "accuracy": 0.8559529781341553
}