{
    "epochs": [
        1,
        2,
        3,
        4,
        5,
        6,
        7,
        8,
        9,
        10
    ],
    "accuracy": [
        0.8239190578460693,
        0.8673412799835205,
        0.8975160717964172,
        0.9120514988899231,
        0.9247469902038574,
        0.9332106709480286,
        0.9446182250976562,
        0.9527139067649841,
        0.9609935879707336,
        0.9624655246734619
    ],
    "val_accuracy": [
        0.8220587968826294,
        0.8904411792755127,
        0.8867647051811218,
        0.9272058606147766,
        0.9426470398902893,
        0.9463235139846802,
        0.9654411673545837,
        0.9639706015586853,
        0.9514706134796143,
        0.9419117569923401
    ],
    "loss": [
        0.4987531900405884,
        0.3683333992958069,
        0.2983790934085846,
        0.25158587098121643,
        0.21456511318683624,
        0.18702585995197296,
        0.15711914002895355,
        0.13334763050079346,
        0.11699998378753662,
        0.10181937366724014
    ],
    "val_loss": [
        0.49719467759132385,
        0.305340051651001,
        0.28722792863845825,
        0.22687974572181702,
        0.15552137792110443,
        0.15192590653896332,
        0.11304784566164017,
        0.10761864483356476,
        0.1416451334953308,
        0.18112653493881226
    ]
}