{
    "epochs": [
        1,
        2,
        3,
        4,
        5,
        6,
        7,
        8,
        9,
        10
    ],
    "accuracy": [
        0.34803467988967896,
        0.625,
        0.3279202878475189,
        0.3125,
        0.3781140446662903,
        0.59375,
        0.4331057369709015,
        0.3125,
        0.3174017369747162,
        0.4375
    ],
    "val_accuracy": [
        0.4821428656578064,
        0.3913690447807312,
        0.3117559552192688,
        0.3125,
        0.4538690447807312,
        0.4925595223903656,
        0.3258928656578064,
        0.3258928656578064,
        0.3258928656578064,
        0.3258928656578064
    ],
    "loss": [
        1.3261502981185913,
        0.9953345656394958,
        1.2897484302520752,
        1.2611351013183594,
        1.2246209383010864,
        0.9698383212089539,
        1.3018242120742798,
        1.297471046447754,
        1.2565997838974,
        1.2830629348754883
    ],
    "val_loss": [
        1.1207892894744873,
        1.2410078048706055,
        1.2503596544265747,
        1.249187707901001,
        1.1090350151062012,
        1.0455228090286255,
        1.2564833164215088,
        1.2559309005737305,
        1.263613224029541,
        1.264299750328064
    ]
}